{
  "train_loss": [
    2.212196080161056, 2.001975954976926, 1.7751666810720967,
    1.3831049928278811, 1.1041296316362392, 0.926223071399274,
    0.7966243343185514, 0.7214337362409401, 0.6654609716268999,
    0.6245369895943192, 0.5746733269203447, 0.5187089557586703,
    0.4726157046076077, 0.44583591609113, 0.39977379673833785,
    0.37664386731729327, 0.3459840577357868, 0.3249203486165512,
    0.3050952233485322, 0.30368638505686574
  ],
  "test_loss": [
    2.0911125744445416, 2.0308763482902625, 1.6233158850971656,
    1.559529514252385, 3.4046170802056035, 3.7249504523941233,
    2.143862304808218, 1.7672334788720818, 3.3509717168687265,
    3.441646581963648, 2.7055798527560655, 5.835549906839298,
    2.6932019131093083, 9.664700990990747, 10.18215523490423, 5.49168321754359,
    3.8515265138843393, 4.524014620841304, 6.733736026136181, 60.411328472668615
  ]
}
