{"train_loss": [2.174560246437089, 1.9132381804716359, 1.7829145465069995, 1.668129720667532, 1.276775761453836, 0.6870504633577139, 0.3919854672160992, 0.27893434836666214, 0.2233807243454431, 0.19486690142642715, 0.1685848169203506, 0.15108933020978849, 0.13385814416414893, 0.12560649485047312, 0.11350899049912942, 0.1101502222594803, 0.09922800222630186, 0.09549133654342278, 0.08661167928055405, 0.08456415019389282], "test_loss": [2.3081303125695336, 2.0150376829919936, 1.833875155147118, 1.7389776963221877, 1.567186289195773, 0.9128734031810036, 0.4812117711275439, 0.3116176592398293, 0.2311376502053647, 0.1979245727150878, 0.16814196989223174, 0.15080896574013594, 0.14169989090082766, 0.12993668556166224, 0.12102849421951967, 0.11457620774501864, 0.11058837832010622, 0.1032772985687833, 0.0991220203982784, 0.09367377074623975, 0.09286392810223978]}