{"train_loss": [2.1991949050919586, 1.986064038551184, 1.7467261631605722, 1.4851029559747497, 1.332700384451128, 1.1352282751089475, 0.8874148275298096, 0.75731029261404, 0.6881751999544945, 0.6160501547332512, 0.5845887566299073, 0.5187902583369314, 0.4765663573355563, 0.4298921693871016, 0.3797759368920377, 0.3507344987410218, 0.3406400466397373, 0.2997668411876601, 0.30637324237620145, 0.2749120175584293], "test_loss": [2.123066588293148, 1.9613207427761223, 1.5807596565801887, 1.4638114322589924, 1.3989410626737377, 1.4650636383249789, 274.587386312364, 17.535009625591808, 9.504217745382574, 19.40842696081234, 2.3700825307942646, 27.955463167987293, 17.413885786563537, 3.7817036683046363, 8.357530811164953, 33.49448657941215, 63.03305920468101, 18.172979560079455, 3.6832995957966093, 2.9053738539731957]}