{"train_loss": [2.1721337787123884, 1.9039644244383138, 1.6815476087110637, 1.0708574603107184, 0.5749376740282787, 0.36083209651238374, 0.2810401262314335, 0.23998608996174228, 0.2031199210234034, 0.17923494614263588, 0.1692803759278773, 0.1452990482722137, 0.13721058543112233, 0.12403577705944525, 0.11774430640820246, 0.10977127071795688, 0.10547649578403817, 0.09545271818651192, 0.0916672309777185, 0.08813296616283943, 0.08346130345453585], "test_loss": [2.0053508613683, 1.830199784870389, 1.4421175069446805, 0.7620995271055004, 0.4076310232093063, 0.29268069546433945, 0.24354180726635305, 0.20929715202390392, 0.19292268138143082, 0.16696664917318127, 0.16014041521739733, 0.14412972862726148, 0.12728054348756618, 0.12408694494044102, 0.12164839990201252, 0.11229837031539859, 0.10615300249214037, 0.10435164921410099, 0.10061386027491262, 0.09966370185153393, 0.09710299168843069]}